,Survived,Pclass,Sex,Age,SibSp,Parch,Fare,Embarked,num_related,has_related,has_special_ticket
0,0,3,male,,0,0,7.8875,S,0,False,False
1,1,3,female,16.0,0,0,7.75,Q,0,False,False
2,1,1,female,59.0,2,0,51.4792,S,2,True,False
3,0,1,male,55.0,1,0,59.4,C,1,True,True
4,0,1,male,36.0,1,0,78.85,S,1,True,False
5,1,1,female,27.0,1,2,52.0,S,3,True,True
6,0,3,male,40.0,1,6,46.9,S,7,True,True
7,0,3,male,25.0,1,0,17.8,S,1,True,False
8,0,3,male,47.0,0,0,7.25,S,0,False,True
9,0,2,male,22.0,0,0,10.5,S,0,False,True
10,0,3,male,36.0,0,0,7.8958,S,0,False,False
11,1,1,male,4.0,0,2,81.8583,S,2,True,False
12,1,1,female,,1,0,89.1042,C,1,True,False
13,1,1,male,38.0,1,0,90.0,S,1,True,False
14,1,1,female,22.0,1,0,66.6,S,1,True,False
15,0,3,male,36.0,0,0,7.4958,S,0,False,False
16,0,3,male,22.0,0,0,7.8958,S,0,False,False
17,0,2,male,35.0,0,0,12.35,Q,0,False,False
18,1,3,female,26.0,0,0,7.925,S,0,False,True
19,0,3,male,24.0,0,0,7.05,S,0,False,True
20,1,1,female,23.0,3,2,263.0,S,5,True,False
21,1,3,female,,0,2,22.3583,C,2,True,False
22,0,3,female,18.0,2,0,18.0,S,2,True,False
23,1,1,female,,1,0,146.5208,C,1,True,True
24,0,3,female,21.0,1,0,9.825,S,1,True,False
25,1,2,female,22.0,1,2,41.5792,C,3,True,True
26,0,1,male,54.0,0,0,51.8625,S,0,False,False
27,0,3,male,,2,0,21.6792,C,2,True,False
28,0,2,female,26.0,1,1,26.0,S,2,True,False
29,0,1,male,28.5,0,0,27.7208,C,0,False,True
30,0,1,male,57.0,1,0,146.5208,C,1,True,True
31,0,3,male,,0,0,8.05,S,0,False,False
32,0,3,male,,1,2,23.45,S,3,True,True
33,0,3,male,45.0,0,0,6.975,S,0,False,False
34,0,3,female,9.0,4,2,31.275,S,6,True,False
35,1,3,female,27.0,0,2,11.1333,S,2,True,False
36,0,3,male,,0,0,7.25,S,0,False,True
37,0,2,male,66.0,0,0,10.5,S,0,False,True
38,0,3,female,22.0,0,0,9.8375,S,0,False,False
39,0,3,male,24.0,0,0,7.8542,S,0,False,False
40,0,3,male,,1,0,19.9667,S,1,True,False
41,0,1,male,57.0,1,1,164.8667,S,2,True,False
42,0,3,male,21.0,0,0,7.8208,Q,0,False,False
43,0,1,male,13.0,2,2,262.375,C,4,True,True
44,0,2,male,19.0,0,0,10.5,S,0,False,False
45,1,1,female,48.0,1,3,262.375,C,4,True,True
46,0,3,male,,0,0,7.775,S,0,False,False
47,0,2,male,36.0,0,0,10.5,S,0,False,True
48,1,1,female,31.0,0,0,134.5,C,0,False,False
49,1,3,female,9.0,1,1,15.2458,C,2,True,False
50,0,3,female,,8,2,69.55,S,10,True,True
51,0,3,male,35.0,0,0,7.05,S,0,False,True
52,0,2,male,30.0,1,0,21.0,S,1,True,True
53,1,2,female,,0,0,33.0,S,0,False,False
54,0,3,male,48.0,0,0,7.8542,S,0,False,False
55,1,2,female,3.0,1,2,41.5792,C,3,True,True
56,1,1,female,48.0,1,0,39.6,C,1,True,False
57,1,1,male,34.0,0,0,26.55,S,0,False,False
58,0,3,female,21.0,0,0,7.75,Q,0,False,False
59,0,1,female,25.0,1,2,151.55,S,3,True,False
60,1,3,male,21.0,0,0,7.7958,S,0,False,False
61,0,2,male,23.0,1,0,10.5,S,1,True,False
62,0,3,male,,0,0,24.15,Q,0,False,False
63,1,3,female,22.0,0,0,7.75,Q,0,False,False
64,1,3,female,18.0,0,0,7.4958,S,0,False,False
65,1,2,female,30.0,0,0,13.0,S,0,False,False
66,0,2,male,23.0,0,0,13.0,S,0,False,False
67,0,1,male,43.0,1,0,27.7208,C,1,True,False
68,0,1,male,42.0,0,0,26.55,S,0,False,False
69,0,3,male,,0,0,7.75,Q,0,False,False
70,0,3,male,,0,0,7.8958,S,0,False,False
71,1,2,male,1.0,2,1,39.0,S,3,True,False
72,1,3,female,22.0,1,0,13.9,S,1,True,False
73,0,3,male,26.0,0,0,7.8958,S,0,False,False
74,0,2,male,25.0,0,0,31.5,S,0,False,True
75,0,3,male,40.0,0,0,7.225,C,0,False,False
76,0,3,male,30.5,0,0,8.05,S,0,False,False
77,1,2,male,42.0,0,0,13.0,S,0,False,False
78,1,2,female,50.0,0,0,10.5,S,0,False,True
79,1,1,female,39.0,0,0,108.9,C,0,False,True
80,1,2,female,0.92,1,2,27.75,S,3,True,True
81,0,3,male,19.0,0,0,7.8958,S,0,False,False
82,1,3,female,,0,0,15.5,Q,0,False,False
83,1,2,male,0.67,1,1,14.5,S,2,True,False
84,0,3,male,74.0,0,0,7.775,S,0,False,False
85,0,3,male,28.0,0,0,9.5,S,0,False,False
86,0,1,male,46.0,0,0,26.0,S,0,False,False
87,0,1,male,60.0,0,0,26.55,S,0,False,False
88,0,2,male,14.0,0,0,65.0,S,0,False,False
89,1,2,female,60.0,1,0,26.0,S,1,True,False
90,1,3,female,33.0,3,0,15.85,S,3,True,False
91,0,3,male,21.0,0,0,7.775,S,0,False,False
92,0,3,male,,0,0,8.05,S,0,False,True
93,0,2,male,36.0,0,0,12.875,C,0,False,True
94,0,3,male,4.0,3,2,27.9,S,5,True,False
95,0,2,male,18.0,0,0,11.5,S,0,False,False
96,1,3,female,,0,0,8.1125,S,0,False,False
97,1,2,female,30.0,0,0,13.0,S,0,False,False
98,0,2,male,17.0,0,0,73.5,S,0,False,True
99,0,2,male,,0,0,15.0458,C,0,False,False
100,1,3,male,20.0,1,0,7.925,S,1,True,True
101,0,3,male,36.0,0,0,9.5,S,0,False,False
102,1,1,female,27.0,1,1,247.5208,C,2,True,True
103,0,1,male,47.0,0,0,25.5875,S,0,False,False
104,0,3,male,36.0,1,0,15.55,S,1,True,False
105,0,2,male,34.0,1,0,26.0,S,1,True,False
106,0,1,male,47.0,1,0,227.525,C,1,True,True
107,0,1,female,50.0,0,0,28.7125,C,0,False,True
108,0,1,male,51.0,0,1,61.3792,C,1,True,True
109,1,2,female,29.0,0,0,10.5,S,0,False,True
110,1,3,male,32.0,0,0,7.925,S,0,False,True
111,0,3,male,,8,2,69.55,S,10,True,True
112,0,2,male,40.0,0,0,13.0,S,0,False,False
113,1,3,female,,2,0,23.25,Q,2,True,False
114,0,2,male,25.0,0,0,13.0,S,0,False,False
115,0,3,male,,0,0,7.75,Q,0,False,False
116,0,2,male,50.0,1,0,26.0,S,1,True,True
117,1,2,female,34.0,0,0,10.5,S,0,False,True
118,0,1,male,65.0,0,0,26.55,S,0,False,False
119,0,3,male,49.0,0,0,0.0,S,0,False,True
120,0,3,male,,0,0,7.8958,C,0,False,False
121,0,3,female,28.0,1,1,14.4,S,2,True,False
122,0,1,male,6.0,0,2,134.5,C,2,True,False
123,1,1,female,30.0,0,0,106.425,C,0,False,True
124,1,1,female,44.0,0,0,27.7208,C,0,False,True
125,1,3,male,29.0,0,0,9.5,S,0,False,False
126,0,3,female,24.0,0,0,8.85,S,0,False,False
127,0,3,male,33.0,0,0,8.6625,C,0,False,False
128,0,3,male,30.0,0,0,7.225,C,0,False,False
129,1,1,female,55.0,0,0,27.7208,C,0,False,False
130,0,3,male,,0,0,7.2292,C,0,False,False
131,1,2,female,14.0,1,0,30.0708,C,1,True,False
132,1,3,male,20.0,0,0,7.2292,C,0,False,False
133,0,2,male,47.0,0,0,15.0,S,0,False,False
134,0,3,male,,1,2,23.45,S,3,True,True
135,1,3,male,32.0,0,0,8.05,S,0,False,True
136,0,1,male,47.0,0,0,38.5,S,0,False,False
137,0,3,male,22.0,0,0,7.25,S,0,False,True
138,1,2,female,17.0,0,0,12.0,C,0,False,True
139,1,3,female,1.0,0,2,15.7417,C,2,True,False
140,0,3,male,18.0,2,2,34.375,S,4,True,True
141,1,1,male,35.0,0,0,26.55,C,0,False,False
142,0,3,male,21.0,0,0,7.8958,S,0,False,False
143,0,3,male,,8,2,69.55,S,10,True,True
144,0,3,female,,0,2,7.75,Q,2,True,False
145,0,3,male,,1,0,15.5,Q,1,True,False
146,1,1,male,56.0,0,0,35.5,C,0,False,False
147,1,1,female,60.0,1,4,263.0,S,5,True,False
148,1,1,female,58.0,0,0,146.5208,C,0,False,True
149,0,3,female,41.0,0,2,20.2125,S,2,True,False
150,1,3,female,17.0,0,0,7.7333,Q,0,False,True
151,0,2,male,21.0,0,0,13.0,S,0,False,False
152,0,2,male,60.0,1,1,39.0,S,2,True,False
153,0,3,male,34.0,1,1,14.4,S,2,True,False
154,0,3,male,21.0,0,0,8.4333,S,0,False,False
155,1,1,female,,0,0,27.7208,C,0,False,False
156,0,3,male,,1,0,7.75,Q,1,True,False
157,1,3,male,3.0,1,1,15.9,S,2,True,True
158,0,3,male,22.0,0,0,8.05,S,0,False,False
159,0,3,male,,0,0,7.225,C,0,False,False
160,0,2,male,24.0,0,0,13.0,S,0,False,False
161,1,1,female,41.0,0,0,134.5,C,0,False,False
162,0,3,male,,0,0,7.225,C,0,False,False
163,0,2,male,54.0,0,0,14.0,S,0,False,False
164,0,1,male,33.0,0,0,5.0,S,0,False,False
165,1,3,female,,0,0,14.5,S,0,False,False
166,1,2,female,17.0,0,0,10.5,S,0,False,True
167,1,2,female,36.0,1,0,26.0,S,1,True,False
168,0,3,female,25.0,0,0,7.775,S,0,False,False
169,0,1,male,28.0,1,0,82.1708,C,1,True,True
170,0,1,male,45.0,0,0,26.55,S,0,False,False
171,0,1,male,30.0,1,0,57.75,C,1,True,False
172,1,1,female,28.0,3,2,263.0,S,5,True,False
173,0,3,male,24.0,0,0,7.25,Q,0,False,False
174,1,1,female,33.0,0,0,86.5,S,0,False,False
175,0,3,male,30.0,0,0,7.25,S,0,False,True
176,1,2,female,36.0,0,0,13.0,S,0,False,False
177,0,3,male,19.0,0,0,7.8958,S,0,False,False
178,1,2,female,24.0,2,1,27.0,S,3,True,False
179,1,2,female,24.0,1,2,65.0,S,3,True,False
180,0,3,male,44.0,0,0,8.05,S,0,False,False
181,1,2,male,,0,0,13.8625,C,0,False,True
182,1,3,female,26.0,1,1,22.025,S,2,True,False
183,1,3,female,,0,0,7.75,Q,0,False,False
184,0,1,male,36.0,0,0,40.125,C,0,False,False
185,0,3,male,39.0,0,1,13.4167,C,1,True,False
186,0,3,female,16.0,5,2,46.9,S,7,True,True
187,1,1,female,18.0,1,0,53.1,S,1,True,False
188,0,1,male,,0,0,30.6958,C,0,False,True
189,1,2,female,19.0,1,0,26.0,S,1,True,False
190,0,3,male,,0,0,7.55,S,0,False,True
191,0,3,male,18.5,0,0,7.2292,C,0,False,False
192,0,3,male,23.0,1,0,13.9,S,1,True,False
193,1,3,male,12.0,1,0,11.2417,C,1,True,False
194,1,3,female,15.0,0,0,7.225,C,0,False,False
195,0,3,female,45.0,1,4,27.9,S,5,True,False
196,1,1,female,51.0,1,0,77.9583,S,1,True,False
197,1,3,female,38.0,4,2,7.775,S,6,True,False
198,1,1,female,21.0,0,0,77.9583,S,0,False,False
199,1,1,male,26.0,0,0,30.0,C,0,False,False
200,0,3,male,,0,0,7.2292,C,0,False,False
201,1,3,female,21.0,0,0,8.6625,S,0,False,False
202,1,3,male,27.0,0,0,8.6625,S,0,False,False
203,0,3,male,18.0,1,1,20.2125,S,2,True,False
204,0,3,male,,0,0,7.7333,Q,0,False,False
205,0,1,male,46.0,1,0,61.175,S,1,True,True
206,0,3,male,,0,0,8.05,S,0,False,True
207,0,3,male,20.5,0,0,7.25,S,0,False,True
208,1,2,female,28.0,0,0,12.65,S,0,False,False
209,1,3,female,,2,0,23.25,Q,2,True,False
210,0,1,male,54.0,0,1,77.2875,S,1,True,False
211,1,1,female,58.0,0,0,26.55,S,0,False,False
212,1,3,female,23.0,0,0,8.05,S,0,False,True
213,0,3,male,28.5,0,0,7.2292,C,0,False,False
214,0,1,male,,0,0,26.0,S,0,False,False
215,0,3,male,32.0,0,0,7.5792,S,0,False,False
216,1,1,male,27.0,0,0,30.5,S,0,False,False
217,0,2,male,25.0,0,0,13.0,S,0,False,False
218,0,2,male,26.0,0,0,13.0,S,0,False,False
219,0,3,male,,0,0,7.8958,S,0,False,False
220,1,2,female,33.0,0,2,26.0,S,2,True,False
221,0,3,male,24.0,0,0,9.325,S,0,False,False
222,0,3,male,18.0,0,0,8.3,S,0,False,False
223,0,3,male,34.0,0,0,6.4958,S,0,False,False
224,1,2,female,34.0,1,1,32.5,S,2,True,False
225,0,1,male,46.0,0,0,79.2,C,0,False,True
226,0,1,male,42.0,1,0,52.0,S,1,True,False
227,0,1,male,24.0,0,1,247.5208,C,1,True,True
228,0,3,male,,0,0,7.2292,C,0,False,False
229,0,3,male,32.0,0,0,8.05,S,0,False,True
230,0,3,male,29.0,0,0,9.4833,S,0,False,False
231,0,3,male,21.0,0,0,7.25,S,0,False,True
232,0,3,male,,0,0,7.75,Q,0,False,False
233,1,1,female,,1,0,51.8625,S,1,True,False
234,1,1,male,60.0,1,1,79.2,C,2,True,False
235,0,3,male,27.0,0,0,7.8958,S,0,False,False
236,1,1,female,63.0,1,0,221.7792,S,1,True,True
237,0,2,male,42.0,0,0,13.0,S,0,False,False
238,0,3,female,,1,0,14.4583,C,1,True,False
239,0,2,male,21.0,0,0,11.5,S,0,False,False
240,1,1,female,,1,0,133.65,S,1,True,True
241,0,1,male,37.0,1,1,83.1583,C,2,True,True
242,1,2,female,24.0,0,2,14.5,S,2,True,False
243,0,3,male,,0,0,15.5,Q,0,False,False
244,1,3,female,,0,0,7.7875,Q,0,False,False
245,0,3,male,28.5,0,0,16.1,S,0,False,False
246,0,3,male,25.0,0,0,7.65,S,0,False,False
247,0,3,female,30.5,0,0,7.75,Q,0,False,False
248,0,3,male,61.0,0,0,6.2375,S,0,False,False
249,1,1,female,39.0,1,1,83.1583,C,2,True,True
250,1,1,female,36.0,0,0,31.6792,C,0,False,True
251,0,3,female,,8,2,69.55,S,10,True,True
252,0,3,male,2.0,4,1,29.125,Q,5,True,False
253,0,2,male,23.0,0,0,10.5,S,0,False,True
254,0,3,male,,0,0,7.8958,S,0,False,False
255,1,3,female,0.75,2,1,19.2583,C,3,True,False
256,0,3,male,26.0,2,0,8.6625,S,2,True,False
257,1,1,female,24.0,0,0,49.5042,C,0,False,True
258,1,2,female,18.0,0,1,23.0,S,1,True,False
259,1,2,male,,0,0,13.0,S,0,False,False
260,1,3,female,36.0,0,2,15.9,S,2,True,True
261,0,3,male,,0,0,7.8958,S,0,False,False
262,1,3,female,20.0,0,0,7.8542,S,0,False,False
263,0,3,male,1.0,4,1,39.6875,S,5,True,False
264,1,3,female,24.0,1,0,15.85,S,1,True,True
265,0,3,male,,0,0,8.05,S,0,False,True
266,0,3,male,34.5,0,0,6.4375,C,0,False,False
267,0,3,male,55.5,0,0,8.05,S,0,False,True
268,0,2,male,25.0,0,0,10.5,S,0,False,True
269,0,3,male,26.0,0,0,7.775,S,0,False,False
270,0,2,male,32.0,0,0,13.0,S,0,False,False
271,1,3,female,,0,0,8.05,S,0,False,True
272,1,3,female,36.0,0,2,12.1833,S,2,True,False
273,0,3,male,38.5,0,0,7.25,S,0,False,True
274,0,3,male,16.0,2,0,18.0,S,2,True,False
275,1,2,female,29.0,1,0,26.0,S,1,True,False
276,0,3,male,6.0,3,1,21.075,S,4,True,False
277,1,1,female,16.0,0,1,39.4,S,1,True,True
278,1,3,male,,0,0,7.2292,C,0,False,False
279,1,2,female,31.0,1,1,26.25,S,2,True,True
280,0,3,male,5.0,4,2,31.3875,S,6,True,False
281,0,1,male,30.0,0,0,45.5,S,0,False,False
282,0,3,female,26.0,1,0,16.1,S,1,True,True
283,1,1,female,36.0,0,2,71.0,S,2,True,True
284,1,3,female,33.0,1,2,20.575,S,3,True,True
285,0,3,male,11.5,1,1,14.5,S,2,True,True
286,0,3,male,30.0,1,0,16.1,S,1,True,True
287,0,3,male,17.0,1,0,7.0542,S,1,True,False
288,1,1,female,50.0,0,1,247.5208,C,1,True,True
289,1,1,female,18.0,1,0,227.525,C,1,True,True
290,0,3,male,,0,0,7.2292,C,0,False,False
291,1,3,female,38.0,0,0,7.2292,C,0,False,False
292,0,3,female,23.0,0,0,7.925,S,0,False,True
293,1,2,female,30.0,0,0,12.35,Q,0,False,False
294,1,3,female,18.0,0,0,7.2292,C,0,False,False
295,1,2,female,18.0,0,2,13.0,S,2,True,False
296,1,1,female,22.0,0,0,151.55,S,0,False,False
297,0,1,male,40.0,0,0,0.0,S,0,False,False
298,0,3,male,32.5,0,0,9.5,S,0,False,False
299,0,2,male,34.0,1,0,26.0,S,1,True,False
300,0,1,male,50.0,0,0,26.0,S,0,False,False
301,0,3,male,,1,0,16.1,S,1,True,False
302,1,1,female,30.0,0,0,56.9292,C,0,False,True
303,1,2,female,31.0,0,0,21.0,S,0,False,True
304,1,2,female,29.0,1,0,26.0,S,1,True,True
305,0,3,male,29.0,0,0,7.925,S,0,False,True
306,0,1,male,49.0,1,1,110.8833,C,2,True,False
307,1,3,female,23.0,0,0,8.6625,S,0,False,False
308,0,2,male,52.0,0,0,13.5,S,0,False,False
309,0,1,male,31.0,0,0,50.4958,S,0,False,True
310,1,2,female,24.0,1,2,65.0,S,3,True,False
311,1,3,female,21.0,0,0,7.65,S,0,False,False
312,0,3,male,44.0,0,1,16.1,S,1,True,False
313,0,3,male,,0,0,8.05,S,0,False,True
314,0,2,male,21.0,1,0,11.5,S,1,True,False
315,0,3,male,33.0,0,0,7.8958,C,0,False,False
316,1,1,male,51.0,0,0,26.55,S,0,False,False
317,1,3,female,24.0,0,0,7.75,Q,0,False,False
318,1,1,female,55.0,0,0,135.6333,C,0,False,True
319,0,3,male,,0,0,8.05,S,0,False,True
320,1,1,female,19.0,0,0,30.0,S,0,False,False
321,0,3,male,36.0,0,0,0.0,S,0,False,True
322,0,3,female,48.0,1,3,34.375,S,4,True,True
323,1,2,female,7.0,0,2,26.25,S,2,True,True
324,1,1,male,27.0,1,0,53.1,S,1,True,False
325,0,2,male,27.0,0,0,26.0,S,0,False,False
326,0,1,male,,0,0,51.8625,S,0,False,False
327,0,3,male,43.0,0,0,8.05,S,0,False,True
328,0,3,male,21.0,0,0,7.225,C,0,False,False
329,1,3,female,,0,0,7.75,Q,0,False,False
330,0,2,male,38.0,1,0,21.0,S,1,True,False
331,1,1,female,48.0,0,0,25.9292,S,0,False,False
332,1,3,female,,1,0,15.5,Q,1,True,False
333,0,3,male,,8,2,69.55,S,10,True,True
334,0,3,male,,0,0,7.75,Q,0,False,False
335,0,3,male,,0,0,8.05,S,0,False,True
336,1,1,female,25.0,1,0,55.4417,C,1,True,False
337,1,2,female,8.0,1,1,26.0,S,2,True,False
338,0,2,male,19.0,0,0,10.5,S,0,False,False
339,1,2,female,5.0,1,2,27.75,S,3,True,True
340,0,3,male,25.0,1,0,7.775,S,1,True,False
341,0,3,male,42.0,0,0,7.65,S,0,False,False
342,1,1,female,56.0,0,1,83.1583,C,1,True,False
343,1,1,female,76.0,1,0,78.85,S,1,True,False
344,1,1,female,32.0,0,0,76.2917,C,0,False,False
345,1,1,male,32.0,0,0,30.5,C,0,False,False
346,1,3,male,,0,0,7.75,Q,0,False,False
347,0,3,male,17.0,0,0,7.125,S,0,False,True
348,1,1,female,52.0,1,1,93.5,S,2,True,False
349,1,1,female,18.0,1,0,60.0,S,1,True,False
350,0,3,male,36.0,1,1,24.15,S,2,True,False
351,0,1,male,46.0,0,0,79.2,C,0,False,True
352,0,2,male,32.5,1,0,30.0708,C,1,True,False
353,1,2,male,19.0,0,0,10.5,S,0,False,True
354,0,2,male,36.0,1,2,27.75,S,3,True,True
355,1,3,female,16.0,1,1,8.5167,C,2,True,False
356,0,3,male,41.0,0,0,7.125,S,0,False,True
357,1,3,female,14.0,1,0,11.2417,C,1,True,False
358,0,2,male,23.0,0,0,15.0458,C,0,False,True
359,0,3,male,13.0,4,2,31.3875,S,6,True,False
360,1,2,female,28.0,1,0,26.0,S,1,True,False
361,0,3,male,21.0,0,0,8.05,S,0,False,True
362,0,3,male,,0,0,9.5,S,0,False,False
363,1,2,female,28.0,0,0,13.0,S,0,False,False
364,0,3,male,40.0,0,0,7.8958,S,0,False,False
365,1,2,female,24.0,2,3,18.75,S,5,True,False
366,1,3,female,,0,0,7.75,Q,0,False,False
367,0,3,male,,0,0,7.8958,S,0,False,False
368,0,3,male,28.0,0,0,8.05,S,0,False,False
369,0,3,male,18.0,0,0,7.75,S,0,False,False
370,0,1,male,61.0,0,0,32.3208,S,0,False,False
371,0,3,female,10.0,0,2,24.15,S,2,True,False
372,0,2,male,42.0,0,0,13.0,S,0,False,False
373,1,1,female,31.0,0,2,164.8667,S,2,True,False
374,1,3,female,38.0,1,5,31.3875,S,6,True,False
375,0,3,male,19.0,0,0,10.1708,S,0,False,False
376,1,3,female,,0,4,25.4667,S,4,True,False
377,1,1,female,48.0,1,1,79.2,C,2,True,False
378,0,2,male,30.0,0,0,13.0,S,0,False,False
379,0,3,male,9.0,5,2,46.9,S,7,True,True
380,1,1,female,15.0,0,1,211.3375,S,1,True,False
381,1,2,female,12.0,2,1,39.0,S,3,True,False
382,0,3,female,,3,1,25.4667,S,4,True,False
383,0,3,male,,0,0,7.25,S,0,False,True
384,0,2,male,29.0,1,0,27.7208,C,1,True,True
385,0,3,male,25.0,0,0,7.225,C,0,False,False
386,1,3,male,,0,0,56.4958,S,0,False,False
387,0,3,male,,0,0,7.8792,Q,0,False,False
388,1,3,male,26.0,0,0,56.4958,S,0,False,False
389,0,3,male,29.0,0,0,7.875,S,0,False,False
390,0,3,female,22.0,0,0,10.5167,S,0,False,False
391,1,3,female,,1,0,16.1,S,1,True,False
392,1,1,female,58.0,0,1,153.4625,S,1,True,True
393,1,1,female,30.0,0,0,86.5,S,0,False,False
394,0,3,female,17.0,0,0,14.4583,C,0,False,False
395,0,2,male,43.0,0,1,21.0,S,1,True,True
396,0,1,male,58.0,0,0,29.7,C,0,False,False
397,1,3,female,23.0,0,0,7.8542,S,0,False,False
398,1,2,female,24.0,1,1,37.0042,C,2,True,True
399,1,1,male,36.0,0,1,512.3292,C,1,True,True
400,0,1,male,55.0,0,0,50.0,S,0,False,False
401,0,1,male,24.0,1,0,60.0,S,1,True,False
402,1,3,male,,1,1,15.2458,C,2,True,False
403,0,3,male,19.0,0,0,7.65,S,0,False,False
404,1,2,female,42.0,0,0,13.0,S,0,False,False
405,1,1,female,55.0,2,0,25.7,S,2,True,False
406,0,1,male,49.0,0,0,26.0,S,0,False,False
407,0,2,male,54.0,0,0,26.0,S,0,False,False
408,0,3,male,18.0,0,0,7.7958,S,0,False,False
409,0,1,male,,0,0,0.0,S,0,False,False
410,0,2,male,30.0,0,0,13.0,S,0,False,False
411,1,2,male,3.0,1,1,26.0,S,2,True,False
412,0,1,male,31.0,0,0,28.5375,C,0,False,False
413,0,3,male,30.0,0,0,7.2292,C,0,False,False
414,0,2,male,37.0,1,0,26.0,S,1,True,True
415,0,1,male,61.0,1,3,262.375,C,4,True,True
416,1,2,female,32.5,0,0,13.0,S,0,False,False
417,0,3,male,24.0,0,0,8.05,S,0,False,False
418,1,2,female,54.0,1,3,23.0,S,4,True,False
419,1,3,female,22.0,0,0,8.9625,S,0,False,False
420,1,2,female,20.0,0,0,36.75,S,0,False,True
421,1,3,female,,0,0,7.2292,C,0,False,False
422,0,3,male,17.0,2,0,8.05,S,2,True,True
423,1,3,male,25.0,1,0,7.775,S,1,True,False
424,0,3,male,32.0,0,0,22.525,S,0,False,True
425,1,3,male,0.42,0,1,8.5167,C,1,True,False
426,0,2,male,31.0,1,1,37.0042,C,2,True,True
427,0,2,male,28.0,0,0,13.5,S,0,False,False
428,0,2,male,28.0,0,0,10.5,S,0,False,True
429,0,1,male,44.0,2,0,90.0,Q,2,True,False
430,0,3,male,,0,0,7.25,S,0,False,False
431,0,2,male,,0,0,0.0,S,0,False,False
432,1,1,female,,0,1,55.0,S,1,True,False
433,1,3,female,24.0,0,3,19.2583,C,3,True,False
434,1,3,female,,0,0,7.7208,Q,0,False,False
435,0,3,female,31.0,0,0,7.8542,S,0,False,False
436,0,1,male,45.0,0,0,35.5,S,0,False,False
437,1,2,female,12.0,0,0,15.75,S,0,False,True
438,0,3,male,26.0,0,0,7.775,S,0,False,False
439,1,2,female,26.0,0,0,13.5,S,0,False,False
440,0,3,male,70.5,0,0,7.75,Q,0,False,False
441,0,3,female,45.0,0,1,14.4542,C,1,True,False
442,1,2,female,8.0,0,2,26.25,S,2,True,True
443,0,3,male,30.0,0,0,8.05,S,0,False,True
444,0,3,male,,0,0,7.225,C,0,False,False
445,1,3,male,18.0,0,0,8.05,S,0,False,True
446,0,3,female,39.0,0,5,29.125,Q,5,True,False
447,0,3,male,21.0,2,0,24.15,S,2,True,True
448,1,1,male,,0,0,26.55,S,0,False,False
449,1,2,female,24.0,1,0,26.0,S,1,True,False
450,1,3,female,5.0,4,2,31.3875,S,6,True,False
451,1,3,female,1.0,1,1,11.1333,S,2,True,False
452,1,1,male,27.0,0,0,76.7292,C,0,False,True
453,1,3,female,26.0,0,2,13.775,S,2,True,True
454,0,3,male,25.0,0,0,7.25,S,0,False,False
455,0,3,male,21.0,0,0,8.05,S,0,False,False
456,0,3,male,24.0,0,0,8.6625,S,0,False,False
457,1,1,female,31.0,1,0,113.275,C,1,True,False
458,1,3,male,32.0,0,0,7.8542,S,0,False,False
459,0,1,male,39.0,0,0,29.7,C,0,False,True
460,1,1,female,22.0,0,1,55.0,S,1,True,False
461,0,3,male,17.0,0,0,8.6625,S,0,False,False
462,0,1,male,53.0,1,1,81.8583,S,2,True,False
463,0,2,male,30.0,0,0,13.0,S,0,False,False
464,0,1,male,27.0,1,0,136.7792,C,1,True,False
465,0,2,male,49.0,1,2,65.0,S,3,True,False
466,1,2,female,33.0,1,2,27.75,S,3,True,True
467,0,3,male,,1,0,6.4375,C,1,True,False
468,1,3,male,44.0,0,0,7.925,S,0,False,True
469,1,1,female,45.0,0,1,59.4,C,1,True,False
470,0,3,male,22.0,0,0,9.35,S,0,False,True
471,0,3,male,,0,0,7.225,C,0,False,False
472,1,3,female,24.0,0,2,16.7,S,2,True,True
473,1,1,female,17.0,1,0,57.0,S,1,True,False
474,1,2,female,35.0,0,0,21.0,S,0,False,True
475,0,3,male,31.0,3,0,18.0,S,3,True,False
476,1,1,female,60.0,1,0,75.25,C,1,True,False
477,0,3,male,,0,0,7.8958,S,0,False,False
478,1,1,female,,1,0,82.1708,C,1,True,True
479,0,3,male,27.0,0,0,8.6625,S,0,False,False
480,0,2,male,46.0,0,0,26.0,S,0,False,False
481,0,3,female,18.0,0,0,7.775,S,0,False,False
482,1,1,male,35.0,0,0,512.3292,C,0,False,True
483,0,2,male,25.0,1,2,41.5792,C,3,True,True
484,0,3,male,39.0,0,0,7.925,S,0,False,False
485,0,2,male,28.0,0,0,10.5,S,0,False,True
486,1,3,male,9.0,0,2,20.525,S,2,True,False
487,0,3,male,43.0,0,0,6.45,S,0,False,True
488,0,1,male,50.0,1,1,211.5,C,2,True,False
489,0,3,male,35.0,0,0,7.8958,C,0,False,False
490,1,2,female,32.0,0,0,13.0,S,0,False,False
491,0,1,male,27.0,0,2,211.5,C,2,True,False
492,0,3,male,20.0,0,0,7.8542,S,0,False,False
493,1,2,female,28.0,0,0,13.0,S,0,False,False
494,1,3,female,18.0,0,0,7.8792,Q,0,False,False
495,0,2,male,,0,0,12.875,S,0,False,True
496,1,1,female,14.0,1,2,120.0,S,3,True,False
497,1,1,female,45.0,1,0,52.5542,S,1,True,False
498,0,1,male,,0,0,26.55,S,0,False,False
499,1,3,female,24.0,0,0,7.75,Q,0,False,False
500,1,1,male,48.0,1,0,52.0,S,1,True,False
501,0,1,male,30.0,0,0,27.75,C,0,False,False
502,0,1,male,21.0,0,1,77.2875,S,1,True,False
503,1,3,male,29.0,0,0,7.8958,C,0,False,False
504,0,3,female,18.0,0,1,14.4542,C,1,True,False
505,0,3,male,,1,0,14.4542,C,1,True,False
506,0,2,male,57.0,0,0,13.0,S,0,False,False
507,1,3,male,45.0,0,0,8.05,S,0,False,False
508,1,1,male,31.0,1,0,57.0,S,1,True,False
509,0,3,male,41.0,0,0,7.85,S,0,False,True
510,0,3,male,,0,0,7.05,S,0,False,True
511,0,2,male,36.0,0,0,13.0,S,0,False,False
512,1,1,female,35.0,1,0,83.475,S,1,True,False
513,0,2,male,50.0,0,0,13.0,S,0,False,False
514,0,3,male,19.0,0,0,7.8958,S,0,False,False
515,0,3,male,20.0,0,0,7.8542,S,0,False,False
516,1,1,male,37.0,1,1,52.5542,S,2,True,False
517,0,3,male,,0,0,7.8958,C,0,False,False
518,1,1,female,33.0,1,0,53.1,S,1,True,False
519,0,1,male,24.0,1,0,82.2667,S,1,True,False
520,0,3,male,17.0,0,0,8.6625,S,0,False,False
521,0,3,male,,0,0,8.05,S,0,False,False
522,0,2,male,52.0,0,0,13.0,S,0,False,False
523,1,2,female,20.0,1,0,26.0,S,1,True,False
524,0,3,male,25.0,0,0,7.925,S,0,False,True
525,1,3,female,27.0,0,1,12.475,S,1,True,False
526,0,3,male,19.0,0,0,6.75,Q,0,False,False
527,0,3,female,18.0,0,0,6.75,Q,0,False,False
528,0,3,female,28.0,0,0,7.8958,S,0,False,False
529,0,3,male,23.5,0,0,7.2292,C,0,False,False
530,1,1,female,58.0,0,1,512.3292,C,1,True,True
531,1,2,female,28.0,1,0,24.0,C,1,True,True
532,0,1,male,,0,0,39.6,S,0,False,True
533,1,1,female,53.0,2,0,51.4792,S,2,True,False
534,0,3,male,,0,0,8.05,S,0,False,True
535,0,3,male,,0,0,7.75,Q,0,False,False
536,0,2,male,41.0,0,0,13.0,S,0,False,False
537,0,3,male,,0,0,8.05,S,0,False,True
538,0,3,male,,0,0,7.8958,S,0,False,False
539,1,2,female,1.0,1,2,41.5792,C,3,True,True
540,0,1,male,48.0,0,0,50.4958,C,0,False,True
541,1,1,male,,0,0,35.5,S,0,False,False
542,0,3,male,28.0,0,0,7.7958,S,0,False,False
543,0,2,male,,0,0,15.05,C,0,False,True
544,0,2,male,39.0,0,0,13.0,S,0,False,False
545,1,3,female,18.0,0,1,9.35,S,1,True,False
546,1,1,female,43.0,1,0,55.4417,C,1,True,False
547,1,2,female,23.0,0,0,13.7917,C,0,False,True
548,1,1,female,54.0,1,1,81.8583,S,2,True,False
549,0,3,male,39.0,0,0,24.15,S,0,False,True
550,1,3,male,4.0,1,1,11.1333,S,2,True,False
551,0,3,male,16.0,0,0,8.05,S,0,False,True
552,0,2,male,29.0,0,0,10.5,S,0,False,True
553,0,2,female,44.0,1,0,26.0,S,1,True,False
554,0,3,male,17.0,0,0,8.6625,S,0,False,False
555,0,3,female,,3,1,25.4667,S,4,True,False
556,0,3,male,25.0,0,0,7.8958,S,0,False,False
557,0,3,male,25.0,0,0,7.65,S,0,False,False
558,0,2,male,30.0,0,0,13.0,S,0,False,False
559,0,2,male,8.0,0,2,32.5,S,2,True,False
560,0,1,male,,0,0,52.0,S,0,False,False
561,1,3,female,26.0,0,0,7.8542,S,0,False,False
562,1,3,female,17.0,4,2,7.925,S,6,True,False
563,1,3,female,16.0,0,0,7.65,S,0,False,False
564,1,2,male,3.0,1,1,18.75,S,2,True,False
565,1,1,male,28.0,0,0,26.55,S,0,False,False
566,0,3,male,32.0,0,0,8.3625,S,0,False,False
567,1,3,female,,0,0,7.8792,Q,0,False,False
568,0,3,male,20.0,0,0,8.6625,S,0,False,False
569,0,1,male,61.0,0,0,33.5,S,0,False,False
570,0,3,female,41.0,0,5,39.6875,S,5,True,False
571,0,3,male,34.0,0,0,8.05,S,0,False,False
572,0,3,male,26.5,0,0,7.225,C,0,False,False
573,0,3,male,14.0,5,2,46.9,S,7,True,True
574,0,1,male,,0,0,26.0,S,0,False,False
575,1,1,male,25.0,1,0,55.4417,C,1,True,False
576,0,3,male,33.0,0,0,8.05,S,0,False,True
577,0,2,male,23.0,0,0,13.0,S,0,False,False
578,1,1,female,30.0,0,0,31.0,C,0,False,False
579,0,2,male,,0,0,10.7083,Q,0,False,False
580,0,1,male,28.0,0,0,47.1,S,0,False,False
581,1,3,female,1.0,1,1,16.7,S,2,True,True
582,0,3,male,35.0,0,0,7.8958,S,0,False,False
583,0,3,male,23.0,0,0,7.7958,S,0,False,False
584,0,3,female,29.0,0,4,21.075,S,4,True,False
585,1,3,female,19.0,1,1,15.7417,C,2,True,False
586,0,3,male,25.0,0,0,7.8958,S,0,False,False
587,1,1,female,21.0,2,2,262.375,C,4,True,True
588,1,2,female,,0,0,12.35,Q,0,False,False
589,0,2,male,30.0,1,0,24.0,C,1,True,True
590,0,3,male,40.5,0,0,15.1,S,0,False,True
591,1,3,female,22.0,0,0,7.25,S,0,False,True
592,0,3,male,,3,1,25.4667,S,4,True,False
593,0,2,male,32.0,2,0,73.5,S,2,True,True
594,1,3,female,15.0,0,0,8.0292,Q,0,False,False
595,0,1,male,45.5,0,0,28.5,S,0,False,False
596,0,3,male,33.0,0,0,9.5,S,0,False,False
597,0,3,male,,1,0,16.1,S,1,True,False
598,0,3,male,25.0,0,0,7.05,S,0,False,True
599,1,1,male,42.0,1,0,52.5542,S,1,True,False
600,0,1,male,65.0,0,1,61.9792,C,1,True,False
601,0,3,male,19.0,0,0,8.1583,S,0,False,True
602,0,1,female,2.0,1,2,151.55,S,3,True,False
603,1,3,female,31.0,0,0,8.6833,S,0,False,False
604,1,3,female,,1,0,24.15,Q,1,True,False
605,1,2,female,41.0,0,1,19.5,S,1,True,False
606,0,2,male,63.0,1,0,26.0,S,1,True,False
607,0,2,male,21.0,2,0,73.5,S,2,True,True
608,1,2,male,0.83,0,2,29.0,S,2,True,False
609,1,1,male,28.0,0,0,35.5,S,0,False,False
610,0,2,male,35.0,0,0,26.0,S,0,False,False
611,1,3,female,,0,0,7.75,Q,0,False,False
612,0,3,male,14.0,0,0,9.225,S,0,False,False
613,1,2,female,45.0,0,0,13.5,S,0,False,False
614,0,1,male,,0,0,39.6,C,0,False,False
615,0,3,female,9.0,1,1,15.2458,C,2,True,False
616,0,3,male,9.0,4,2,31.3875,S,6,True,False
617,0,3,male,21.0,0,0,7.75,Q,0,False,False
618,1,3,female,18.0,0,0,9.8417,S,0,False,False
619,0,1,male,50.0,1,0,106.425,C,1,True,True
620,0,1,male,30.0,1,2,151.55,S,3,True,False
621,0,3,male,28.0,2,0,7.925,S,2,True,False
622,0,3,male,,0,0,7.8958,S,0,False,False
623,0,3,male,4.0,4,1,29.125,Q,5,True,False
624,1,3,male,1.0,1,2,20.575,S,3,True,True
625,1,1,female,40.0,0,0,153.4625,S,0,False,True
626,0,2,male,25.0,1,0,26.0,S,1,True,False
627,1,1,female,23.0,1,0,82.2667,S,1,True,False
628,1,3,female,36.0,1,0,17.4,S,1,True,False
629,1,2,female,20.0,2,1,23.0,S,3,True,False
630,1,2,female,2.0,1,1,26.0,S,2,True,False
631,1,3,female,22.0,0,0,39.6875,S,0,False,False
632,0,3,male,28.0,0,0,22.525,S,0,False,True
633,0,3,male,,0,0,7.75,Q,0,False,True
634,0,2,male,19.0,0,0,13.0,S,0,False,False
635,1,3,female,3.0,1,1,13.775,S,2,True,True
636,0,2,female,57.0,0,0,10.5,S,0,False,True
637,0,3,male,22.0,0,0,8.05,S,0,False,True
638,0,3,male,28.0,1,0,15.85,S,1,True,True
639,0,2,male,29.0,1,0,21.0,S,1,True,False
640,0,3,male,38.0,0,0,7.05,S,0,False,True
641,1,3,female,30.0,0,0,7.6292,Q,0,False,False
642,0,2,male,27.0,1,0,26.0,S,1,True,False
643,1,3,female,30.0,0,0,12.475,S,0,False,False
644,0,3,male,22.0,0,0,7.8958,S,0,False,False
645,0,3,male,,0,0,7.0,S,0,False,False
646,1,1,female,45.0,0,0,262.375,C,0,False,True
647,0,2,male,,0,0,0.0,S,0,False,False
648,0,3,male,21.0,0,0,7.925,S,0,False,True
649,0,3,male,24.0,2,0,24.15,S,2,True,True
650,0,1,male,47.0,0,0,34.0208,S,0,False,False
651,1,2,female,4.0,1,1,23.0,S,2,True,False
652,1,1,female,16.0,0,1,57.9792,C,1,True,False
653,1,2,female,21.0,0,0,10.5,S,0,False,True
654,1,3,male,32.0,0,0,56.4958,S,0,False,False
655,0,3,male,0.75,1,1,13.775,S,2,True,True
656,0,1,male,21.0,0,1,61.3792,C,1,True,True
657,0,3,male,22.5,0,0,7.225,C,0,False,False
658,1,1,female,35.0,1,0,90.0,S,1,True,False
659,1,3,female,19.0,0,0,7.8792,Q,0,False,False
660,1,3,female,,0,0,7.75,Q,0,False,False
661,1,1,female,50.0,1,1,211.5,C,2,True,False
662,1,3,female,22.0,1,1,12.2875,S,2,True,False
663,0,3,female,,0,0,8.1375,Q,0,False,False
664,0,3,male,22.0,0,0,7.7958,S,0,False,False
665,0,3,male,10.0,3,2,27.9,S,5,True,False
666,0,3,female,43.0,1,6,46.9,S,7,True,True
667,0,3,male,26.0,0,0,7.8875,S,0,False,False
668,1,2,female,22.0,1,1,29.0,S,2,True,False
669,0,3,male,36.0,0,0,7.25,S,0,False,True
670,1,3,male,26.0,0,0,18.7875,C,0,False,False
671,1,3,male,,0,0,8.1125,S,0,False,False
672,0,2,male,30.0,0,0,12.7375,C,0,False,True
673,0,3,female,20.0,1,0,9.825,S,1,True,False
674,0,3,male,11.0,5,2,46.9,S,7,True,True
675,0,3,female,,8,2,69.55,S,10,True,True
676,0,3,male,,0,0,56.4958,S,0,False,False
677,0,2,male,33.0,0,0,12.275,S,0,False,True
678,1,3,female,30.0,0,0,6.95,Q,0,False,False
679,0,2,male,30.0,0,0,13.0,S,0,False,False
680,0,3,male,42.0,0,0,8.6625,S,0,False,False
681,1,2,female,29.0,1,0,26.0,S,1,True,False
682,0,3,female,2.0,3,2,27.9,S,5,True,False
683,0,3,male,,0,0,7.2292,C,0,False,False
684,1,1,female,24.0,0,0,69.3,C,0,False,True
685,0,3,male,43.0,0,0,7.8958,S,0,False,False
686,1,1,female,47.0,1,1,52.5542,S,2,True,False
687,0,2,male,21.0,0,0,73.5,S,0,False,True
688,0,3,male,19.0,0,0,14.5,S,0,False,False
689,0,2,male,44.0,1,0,26.0,S,1,True,False
690,1,3,female,,1,0,16.1,S,1,True,False
691,0,1,male,31.0,1,0,52.0,S,1,True,True
692,1,1,female,38.0,1,0,71.2833,C,1,True,True
693,1,3,female,2.0,0,1,12.2875,S,1,True,False
694,0,3,male,,0,0,6.95,Q,0,False,False
695,0,3,male,26.0,0,0,7.775,S,0,False,False
696,1,1,male,36.0,0,0,26.2875,S,0,False,True
697,0,3,male,29.0,0,0,7.8542,S,0,False,False
698,1,3,male,24.0,0,0,7.1417,S,0,False,True
699,0,3,male,,0,0,15.1,S,0,False,True
700,1,2,female,22.0,0,0,10.5,S,0,False,True
701,0,3,male,9.0,0,1,3.1708,S,1,True,True
702,0,1,male,39.0,1,0,71.2833,C,1,True,True
703,0,3,male,18.0,1,0,6.4958,S,1,True,False
704,1,3,female,27.0,1,0,7.925,S,1,True,True
705,0,3,male,40.5,0,2,14.5,S,2,True,True
706,1,3,female,28.0,0,0,7.775,S,0,False,False
707,0,2,male,32.0,0,0,13.5,S,0,False,False
708,0,1,male,29.0,1,0,66.6,S,1,True,False
709,0,2,male,39.0,0,0,13.0,S,0,False,False
710,0,3,female,14.0,0,0,7.8542,S,0,False,False
711,1,1,female,52.0,1,0,78.2667,C,1,True,False
712,0,3,male,23.0,0,0,7.8542,S,0,False,False
713,0,3,male,16.0,0,0,9.2167,S,0,False,False
714,0,1,male,56.0,0,0,26.55,S,0,False,False
715,1,1,male,80.0,0,0,30.0,S,0,False,False
716,0,3,male,24.0,0,0,7.7958,S,0,False,False
717,0,3,male,21.0,0,0,16.1,S,0,False,False
718,1,1,female,24.0,3,2,263.0,S,5,True,False
719,0,3,male,21.0,0,0,7.8,S,0,False,True
720,0,1,male,19.0,3,2,263.0,S,5,True,False
721,0,3,male,,0,0,7.7375,Q,0,False,False
722,0,2,male,41.0,0,0,15.0458,C,0,False,False
723,0,1,male,38.0,0,0,0.0,S,0,False,False
724,0,3,male,35.0,0,0,8.05,S,0,False,False
725,0,3,male,28.0,0,0,7.8958,S,0,False,False
726,0,1,male,62.0,0,0,26.55,S,0,False,False
727,1,1,female,45.0,1,1,164.8667,S,2,True,False
728,1,2,female,40.0,0,0,13.0,S,0,False,False
729,0,3,female,,0,0,7.75,Q,0,False,False
730,0,3,female,14.5,1,0,14.4542,C,1,True,False
731,1,1,female,42.0,0,0,227.525,C,0,False,True
732,1,1,male,49.0,1,0,56.9292,C,1,True,True
733,0,3,male,,0,0,8.4583,Q,0,False,False
734,0,3,female,,3,1,25.4667,S,4,True,False
735,1,1,male,,0,0,30.0,S,0,False,False
736,1,3,male,6.0,0,1,12.475,S,1,True,False
737,0,3,male,32.0,0,0,7.75,Q,0,False,False
738,1,2,female,40.0,0,0,15.75,S,0,False,True
739,0,3,male,23.0,0,0,9.225,S,0,False,False
740,0,3,male,29.0,0,0,7.775,S,0,False,False
741,0,3,male,21.0,0,0,8.05,S,0,False,True
742,0,3,male,21.0,1,0,6.4958,S,1,True,False
743,0,3,male,22.0,0,0,7.125,S,0,False,True
744,0,3,male,4.0,4,2,31.275,S,6,True,False
745,0,1,male,45.0,1,0,83.475,S,1,True,False
746,0,2,male,40.0,0,0,16.0,S,0,False,False
747,0,3,male,,0,0,8.7125,S,0,False,False
748,0,2,male,27.0,0,0,15.0333,C,0,False,True
749,1,2,female,19.0,0,0,13.0,S,0,False,False
750,1,1,female,48.0,1,0,106.425,C,1,True,True
751,0,3,male,18.0,0,0,7.75,S,0,False,False
752,0,2,male,24.0,0,0,10.5,S,0,False,True
753,1,3,male,30.0,0,0,9.5,S,0,False,False
754,0,2,male,,0,0,0.0,S,0,False,False
755,1,1,male,48.0,1,0,76.7292,C,1,True,True
756,0,3,male,20.0,0,0,7.05,S,0,False,True
757,0,3,male,7.0,4,1,39.6875,S,5,True,False
758,1,3,female,,0,0,7.75,Q,0,False,False
759,1,3,female,,0,0,7.75,Q,0,False,False
760,1,2,female,55.0,0,0,16.0,S,0,False,False
761,0,1,male,,0,0,25.925,S,0,False,True
762,0,3,female,45.0,0,0,7.75,S,0,False,False
763,0,3,male,36.5,1,0,17.4,S,1,True,False
764,0,3,male,33.0,0,0,7.775,S,0,False,False
765,0,3,male,,0,0,7.8958,S,0,False,False
766,0,3,male,27.0,0,0,7.8958,S,0,False,False
767,1,1,male,40.0,0,0,31.0,C,0,False,False
768,0,3,male,33.0,1,1,20.525,S,2,True,False
769,1,1,male,,0,0,30.5,S,0,False,False
770,0,3,male,,0,0,7.8958,S,0,False,False
771,1,1,female,54.0,1,0,78.2667,C,1,True,False
772,0,3,male,27.0,0,0,8.6625,S,0,False,False
773,1,3,male,9.0,1,1,15.9,S,2,True,True
774,0,3,male,,0,0,7.05,S,0,False,True
775,0,3,female,6.0,4,2,31.275,S,6,True,False
776,1,1,female,49.0,1,0,76.7292,C,1,True,True
777,0,3,male,22.0,0,0,9.0,S,0,False,False
778,0,2,male,24.0,2,0,31.5,S,2,True,True
779,0,3,male,29.0,0,0,8.05,S,0,False,False
780,1,3,female,30.0,1,0,15.55,S,1,True,False
781,0,2,male,62.0,0,0,9.6875,Q,0,False,False
782,1,1,male,49.0,1,0,89.1042,C,1,True,False
783,1,3,female,,0,0,7.75,Q,0,False,False
784,0,3,male,39.0,1,5,31.275,S,6,True,False
785,0,3,male,2.0,4,1,39.6875,S,5,True,False
786,0,1,male,,0,0,26.55,S,0,False,False
787,0,1,male,,0,0,27.7208,C,0,False,True
788,0,3,male,28.0,0,0,9.5,S,0,False,False
789,1,1,female,24.0,0,0,69.3,C,0,False,True
790,1,3,female,47.0,1,0,7.0,S,1,True,False
791,1,3,female,29.0,0,2,15.2458,C,2,True,False
792,0,3,male,,0,0,6.4375,C,0,False,False
793,0,3,male,22.0,0,0,7.225,C,0,False,False
794,0,3,male,26.0,1,0,7.8542,S,1,True,False
795,1,2,female,15.0,0,2,39.0,S,2,True,False
796,0,1,male,55.0,1,1,93.5,S,2,True,False
797,0,3,male,28.0,0,0,56.4958,S,0,False,False
798,1,2,male,34.0,0,0,13.0,S,0,False,False
799,0,3,male,,0,0,56.4958,S,0,False,False
800,0,1,male,,0,0,221.7792,S,0,False,True
801,0,3,male,24.5,0,0,8.05,S,0,False,False
802,0,3,male,7.0,4,1,29.125,Q,5,True,False
803,0,2,male,31.0,0,0,10.5,S,0,False,True
804,1,3,male,32.0,0,0,56.4958,S,0,False,False
805,1,1,female,,0,0,79.2,C,0,False,True
806,1,3,female,,0,0,7.8792,Q,0,False,False
807,0,1,male,71.0,0,0,49.5042,C,0,False,True
808,1,1,male,11.0,1,2,120.0,S,3,True,False
809,0,3,male,31.0,0,0,7.7333,Q,0,False,False
810,1,3,female,31.0,1,1,20.525,S,2,True,False
811,1,1,female,18.0,2,2,262.375,C,4,True,True
812,0,3,male,7.0,1,1,15.2458,C,2,True,False
813,0,2,male,18.0,0,0,73.5,S,0,False,True
814,1,1,female,,0,0,31.6833,S,0,False,True
815,0,2,male,22.0,2,0,31.5,S,2,True,True
816,1,3,female,27.0,0,0,7.8792,Q,0,False,False
817,1,3,male,,0,0,56.4958,S,0,False,False
818,0,3,female,21.0,2,2,34.375,S,4,True,True
819,0,1,male,,0,0,50.0,S,0,False,False
820,0,3,female,,0,0,8.05,S,0,False,True
821,0,1,male,32.5,0,0,211.5,C,0,False,False
822,0,3,female,20.0,0,0,8.6625,S,0,False,False
823,0,2,male,29.0,0,0,13.8583,C,0,False,True
824,1,1,female,22.0,0,1,61.9792,C,1,True,False
825,0,3,female,2.0,0,1,10.4625,S,1,True,False
826,0,2,male,20.0,0,0,13.8625,C,0,False,True
827,0,3,male,,0,0,7.775,S,0,False,False
828,1,2,female,36.0,0,3,39.0,S,3,True,False
829,1,2,female,40.0,1,1,39.0,S,2,True,False
830,1,1,male,36.0,1,2,120.0,S,3,True,False
831,0,3,male,26.0,1,0,14.4542,C,1,True,False
832,0,2,male,36.5,0,2,26.0,S,2,True,False
833,0,3,male,,0,0,7.75,Q,0,False,False
834,1,3,female,,0,0,7.7792,Q,0,False,False
835,0,3,female,31.0,1,0,18.0,S,1,True,False
836,0,2,male,18.5,0,0,13.0,S,0,False,False
837,1,3,female,29.0,0,0,7.925,S,0,False,False
838,0,2,male,48.0,0,0,13.0,S,0,False,False
839,1,3,female,,1,0,15.5,Q,1,True,False
840,1,2,male,62.0,0,0,10.5,S,0,False,True
841,0,2,male,28.0,0,0,26.0,S,0,False,False
842,1,3,female,5.0,2,1,19.2583,C,3,True,False
843,0,3,female,39.0,1,5,31.275,S,6,True,False
844,0,3,female,3.0,3,1,21.075,S,4,True,False
845,0,3,female,29.0,1,1,10.4625,S,2,True,False
846,0,1,male,45.0,1,1,134.5,C,2,True,False
847,0,3,female,,0,2,15.2458,C,2,True,False
848,0,3,male,32.0,1,0,15.85,S,1,True,False
849,0,3,male,,0,0,7.75,Q,0,False,False
850,1,2,female,24.0,1,0,27.7208,C,1,True,True
851,0,3,female,,1,2,23.45,S,3,True,True
852,0,3,male,27.0,0,0,7.225,C,0,False,False
853,0,3,male,22.0,0,0,7.5208,S,0,False,False
854,0,3,male,,0,0,7.2292,C,0,False,False
855,1,3,female,,0,0,7.75,Q,0,False,False
856,0,3,male,65.0,0,0,7.75,Q,0,False,False
857,0,3,female,47.0,1,0,14.5,S,1,True,True
858,1,2,female,6.0,0,1,33.0,S,1,True,False
859,0,2,male,36.0,0,0,13.0,S,0,False,False
860,0,3,male,,0,0,8.05,S,0,False,False
861,0,3,male,26.0,0,0,8.05,S,0,False,False
862,0,3,male,18.0,0,0,8.6625,S,0,False,False
863,1,2,female,45.0,1,1,26.25,S,2,True,True
864,1,2,female,34.0,0,1,23.0,S,1,True,False
865,0,3,male,38.0,0,0,7.8958,S,0,False,False
866,0,3,male,,0,0,7.75,Q,0,False,False
867,0,3,male,18.0,1,1,7.8542,S,2,True,False
868,0,3,male,37.0,2,0,7.925,S,2,True,False
869,1,2,male,2.0,1,1,26.0,S,2,True,False
870,1,1,male,36.0,0,0,26.3875,S,0,False,True
871,1,1,male,17.0,0,2,110.8833,C,2,True,False
872,0,2,male,28.0,0,0,13.0,S,0,False,False
873,0,2,male,34.0,1,0,21.0,S,1,True,False
874,1,1,female,24.0,0,0,83.1583,C,0,False,False
875,1,2,female,25.0,0,1,26.0,S,1,True,False
876,1,3,female,10.0,5,2,46.9,S,7,True,True
877,1,3,male,,1,1,15.2458,C,2,True,False
878,1,1,male,45.0,0,0,26.55,S,0,False,False
879,0,3,male,17.0,0,0,8.6625,S,0,False,False
880,0,2,male,34.0,0,0,13.0,S,0,False,False
881,1,3,female,22.0,0,0,7.725,Q,0,False,False
882,0,1,male,41.0,1,0,51.8625,S,1,True,False
883,1,3,female,0.17,1,2,20.575,S,3,True,True
884,1,3,male,,0,0,7.775,S,0,False,False
885,0,3,male,29.0,1,0,7.0458,S,1,True,False
886,0,3,male,,0,0,7.225,C,0,False,False
887,0,3,male,28.0,0,0,22.525,S,0,False,True
888,0,1,male,42.0,0,0,26.55,S,0,False,False
889,0,2,male,26.0,0,0,13.0,S,0,False,False
890,0,3,male,35.0,0,0,7.125,S,0,False,True
891,0,1,male,49.0,0,0,0.0,S,0,False,False
892,1,1,female,30.0,0,0,93.5,S,0,False,False
893,1,3,male,29.0,0,0,7.75,Q,0,False,False
894,0,3,male,23.0,0,0,7.8958,S,0,False,False
895,0,2,male,35.0,0,0,10.5,S,0,False,False
896,1,2,female,45.0,0,2,30.0,S,2,True,False
897,0,3,male,31.0,0,0,7.775,S,0,False,False
898,0,3,male,,0,0,7.2292,C,0,False,False
899,0,1,male,,0,0,42.4,S,0,False,False
900,0,2,male,61.0,0,0,12.35,Q,0,False,False
901,1,1,female,33.0,0,0,151.55,S,0,False,False
902,0,3,male,,0,0,7.75,Q,0,False,False
903,1,3,female,,0,0,7.8792,Q,0,False,False
904,0,3,male,33.0,0,0,8.6542,S,0,False,False
905,1,3,female,,1,1,22.3583,C,2,True,False
906,1,1,female,47.0,1,0,61.175,S,1,True,True
907,0,3,male,,0,0,6.8583,Q,0,False,False
908,1,1,female,22.0,0,2,49.5,C,2,True,False
909,1,3,male,27.0,0,0,6.975,S,0,False,False
910,1,1,female,43.0,0,1,211.3375,S,1,True,False
911,0,1,male,37.0,0,1,29.7,C,1,True,True
912,0,3,male,,0,0,14.5,S,0,False,False
913,1,3,female,5.0,0,0,12.475,S,0,False,False
914,1,3,female,22.0,0,0,7.75,S,0,False,False
915,0,3,male,,0,0,7.75,Q,0,False,False
916,0,3,male,24.0,0,0,9.5,S,0,False,False
917,1,2,male,31.0,0,0,13.0,S,0,False,False
918,0,2,male,30.0,1,1,26.0,S,2,True,False
919,0,3,male,30.0,0,0,8.05,S,0,False,True
920,0,3,male,24.0,1,0,16.1,S,1,True,False
921,0,1,male,24.0,0,0,79.2,C,0,False,True
922,0,3,male,25.0,0,0,7.7958,S,0,False,False
923,0,3,male,20.0,0,0,9.8458,S,0,False,False
924,0,2,female,27.0,1,0,21.0,S,1,True,False
925,0,3,male,,0,0,7.8958,S,0,False,False
926,0,3,male,40.5,0,0,7.75,Q,0,False,False
927,0,3,male,,0,0,7.7292,Q,0,False,False
928,0,3,male,22.0,0,0,7.25,S,0,False,True
929,0,1,male,47.0,0,0,42.4,S,0,False,False
930,1,3,female,,0,0,7.225,C,0,False,False
931,0,3,male,,0,0,7.75,Q,0,False,False
932,1,1,female,35.0,0,0,211.5,C,0,False,False
933,0,1,male,42.0,0,0,42.5,S,0,False,False
934,0,3,male,14.5,8,2,69.55,S,10,True,True
935,1,3,female,,1,0,15.5,Q,1,True,False
936,0,3,male,,0,0,7.2292,C,0,False,False
937,1,1,female,33.0,0,0,27.7208,C,0,False,True
938,0,3,female,40.0,1,0,9.475,S,1,True,False
939,0,3,male,6.0,1,1,15.2458,C,2,True,False
940,1,2,male,32.0,1,0,26.0,S,1,True,False
941,0,3,female,8.0,3,1,21.075,S,4,True,False
942,0,3,male,17.0,0,0,7.8958,S,0,False,False
943,0,1,male,70.0,1,1,71.0,S,2,True,True
944,0,3,male,45.5,0,0,7.225,C,0,False,False
945,1,3,female,18.0,0,0,7.775,S,0,False,False
946,0,2,male,25.0,0,0,10.5,S,0,False,True
947,1,1,male,,0,0,29.7,C,0,False,False
948,0,3,male,29.0,3,1,22.025,S,4,True,False
949,0,3,male,22.0,1,0,7.25,S,1,True,True
950,1,1,male,0.92,1,2,151.55,S,3,True,False
951,0,1,male,40.0,0,0,27.7208,C,0,False,True
952,0,1,male,39.0,0,0,0.0,S,0,False,False
953,0,2,female,38.0,0,0,13.0,S,0,False,False
954,0,1,male,37.0,1,0,53.1,S,1,True,False
955,1,1,female,35.0,1,0,52.0,S,1,True,False
956,0,3,male,32.0,0,0,7.925,S,0,False,True
957,0,3,female,25.0,1,0,7.925,S,1,True,True
958,0,3,male,38.0,0,0,8.6625,S,0,False,False
959,0,3,male,25.0,0,0,7.05,S,0,False,True
960,0,1,male,,0,0,26.55,S,0,False,False
961,0,2,male,44.0,0,0,13.0,S,0,False,False
962,1,3,male,31.0,0,0,7.925,S,0,False,True
963,1,1,female,,0,0,110.8833,C,0,False,False
964,0,3,male,16.0,1,3,34.375,S,4,True,True
965,0,1,male,67.0,1,0,221.7792,S,1,True,True
966,1,3,female,,0,0,7.7333,Q,0,False,False
967,0,3,male,51.0,0,0,7.75,S,0,False,False
968,0,1,male,56.0,0,0,30.6958,C,0,False,False
969,0,3,male,60.5,0,0,,S,0,False,False
970,1,3,male,3.0,4,2,31.3875,S,6,True,False
971,1,1,female,35.0,1,0,57.75,C,1,True,False
972,0,3,male,24.0,0,0,7.8958,S,0,False,False
973,1,3,male,27.0,0,0,7.7958,S,0,False,False
974,1,2,female,21.0,0,1,21.0,S,1,True,True
975,0,3,male,40.0,1,1,15.5,Q,2,True,False
976,0,3,female,,1,0,14.4542,C,1,True,False
977,1,3,female,45.0,1,0,14.1083,S,1,True,False
978,0,2,male,39.0,0,0,26.0,S,0,False,False
979,0,2,male,18.0,0,0,10.5,S,0,False,True
980,1,3,male,,2,0,23.25,Q,2,True,False
981,0,1,male,58.0,0,2,113.275,C,2,True,False
982,0,3,male,,0,0,7.575,S,0,False,True
983,0,1,male,46.0,0,0,75.2417,C,0,False,False
984,1,1,female,39.0,1,1,110.8833,C,2,True,False
985,0,2,male,16.0,0,0,10.5,S,0,False,True
986,1,3,female,,0,0,7.75,Q,0,False,False
987,0,3,male,42.0,0,1,8.4042,S,1,True,False
988,1,1,female,29.0,0,0,221.7792,S,0,False,True
989,0,3,male,,2,0,21.6792,C,2,True,False
990,0,1,male,18.0,1,0,108.9,C,1,True,True
991,0,3,male,,0,0,7.25,S,0,False,False
992,0,1,male,19.0,1,0,53.1,S,1,True,False
993,1,3,female,,0,0,7.7375,Q,0,False,False
994,1,1,female,29.0,0,0,211.3375,S,0,False,False
995,1,3,female,1.0,1,1,12.1833,S,2,True,False
996,0,2,male,23.0,0,0,13.0,S,0,False,False
997,0,3,male,2.0,3,1,21.075,S,4,True,False
998,0,3,male,20.0,0,0,7.925,S,0,False,True
999,0,3,male,,0,0,7.55,S,0,False,True
1000,1,1,female,54.0,1,0,59.4,C,1,True,True
1001,0,3,male,,0,0,8.7125,C,0,False,False
1002,1,3,female,13.0,0,0,7.2292,C,0,False,False
1003,1,3,male,20.0,1,1,15.7417,C,2,True,False
1004,1,3,female,,0,0,7.8292,Q,0,False,False
1005,0,3,male,21.0,0,0,7.8542,S,0,False,False
1006,0,3,male,,1,1,14.5,S,2,True,True
1007,0,3,male,,0,0,8.05,S,0,False,True
1008,0,2,male,34.0,1,0,21.0,S,1,True,False
1009,0,3,male,19.0,0,0,0.0,S,0,False,True
1010,0,3,male,19.0,0,0,8.05,S,0,False,False
1011,0,3,male,34.5,0,0,7.8292,Q,0,False,False
1012,1,3,female,23.0,0,0,7.55,S,0,False,True
1013,0,3,male,1.0,5,2,46.9,S,7,True,True
1014,0,3,male,,0,0,7.55,S,0,False,True
1015,0,3,female,18.0,1,0,17.8,S,1,True,False
1016,0,3,male,,0,0,7.75,Q,0,False,False
1017,0,3,male,24.0,0,0,7.55,S,0,False,True
1018,0,3,male,,0,0,8.05,S,0,False,True
1019,1,3,female,45.0,0,0,7.225,C,0,False,False
1020,0,1,male,,0,0,35.0,S,0,False,False
1021,1,2,female,31.0,0,0,21.0,S,0,False,True
1022,1,2,female,42.0,1,0,26.0,S,1,True,True
1023,0,1,male,33.0,0,0,26.55,S,0,False,False
1024,0,3,male,24.0,0,0,7.775,S,0,False,False
1025,1,1,male,52.0,0,0,30.5,S,0,False,False
1026,0,3,male,,0,0,7.8958,S,0,False,False
1027,1,1,female,39.0,1,0,55.9,S,1,True,False
1028,0,1,male,,0,0,25.7417,C,0,False,True
1029,1,1,male,23.0,0,1,63.3583,C,1,True,True
1030,0,2,male,26.0,0,0,10.5,S,0,False,False
1031,0,2,male,23.0,2,1,11.5,S,3,True,False
1032,1,1,female,45.0,0,1,63.3583,C,1,True,True
1033,0,3,male,21.0,0,0,8.6625,S,0,False,False
1034,1,2,male,0.83,1,1,18.75,S,2,True,False
1035,0,1,male,17.0,0,0,47.1,S,0,False,False
1036,0,3,male,,0,0,8.05,S,0,False,False
1037,1,1,female,51.0,0,1,39.4,S,1,True,True
1038,1,3,female,37.0,0,0,7.75,Q,0,False,False
1039,0,2,male,47.0,0,0,10.5,S,0,False,True
1040,1,2,female,30.0,3,0,21.0,S,3,True,False
1041,0,1,male,,0,0,27.7208,C,0,False,True
1042,0,3,male,18.0,0,0,7.775,S,0,False,False
1043,1,3,female,,0,0,8.05,S,0,False,False
1044,0,1,male,,0,0,227.525,C,0,False,True
1045,1,3,female,22.0,0,0,7.775,S,0,False,False
1046,1,3,female,,0,0,7.8792,Q,0,False,False
1047,0,1,male,,0,0,0.0,S,0,False,False
1048,0,3,male,,0,0,14.5,S,0,False,False
1049,0,3,male,,0,0,8.05,S,0,False,True
1050,0,3,female,32.0,1,1,15.5,Q,2,True,False
1051,0,3,female,2.0,4,2,31.275,S,6,True,False
1052,0,2,male,42.0,1,1,32.5,S,2,True,False
1053,0,3,female,9.0,3,2,27.9,S,5,True,False
1054,0,2,male,,0,0,0.0,S,0,False,False
1055,1,2,female,30.0,1,0,13.8583,C,1,True,True
1056,0,3,male,22.0,0,0,7.7958,S,0,False,False
1057,0,1,male,30.0,0,0,26.0,S,0,False,False
1058,0,3,male,,0,0,8.05,S,0,False,False
1059,0,3,male,20.0,0,0,9.225,S,0,False,False
1060,0,3,male,22.0,0,0,8.05,S,0,False,False
1061,1,2,female,27.0,0,0,10.5,S,0,False,False
1062,0,3,female,,0,0,7.6292,Q,0,False,False
1063,0,1,male,29.0,0,0,30.0,S,0,False,False
1064,0,3,male,24.0,0,0,7.4958,S,0,False,False
1065,1,3,female,,0,0,7.75,Q,0,False,False
1066,0,2,male,42.0,1,0,27.0,S,1,True,False
1067,1,1,male,48.0,0,0,26.55,S,0,False,False
1068,0,3,male,26.0,0,0,7.8958,S,0,False,False
1069,1,1,female,36.0,1,2,120.0,S,3,True,False
1070,0,2,male,31.0,1,1,26.25,S,2,True,True
1071,1,1,female,64.0,0,2,83.1583,C,2,True,True
1072,0,3,male,21.0,0,0,7.7333,Q,0,False,True
1073,0,3,male,59.0,0,0,7.25,S,0,False,False
1074,1,3,female,,0,0,7.7333,Q,0,False,False
1075,0,1,male,50.0,1,0,55.9,S,1,True,False
1076,0,3,male,50.0,0,0,8.05,S,0,False,True
1077,0,1,male,41.0,0,0,30.5,S,0,False,False
1078,1,1,female,33.0,1,0,90.0,Q,1,True,False
1079,1,3,female,,1,2,23.45,S,3,True,True
1080,1,2,female,22.0,0,0,21.0,S,0,False,True
1081,0,3,male,0.33,0,2,14.4,S,2,True,False
1082,1,1,female,21.0,0,0,26.55,S,0,False,False
1083,1,1,female,40.0,1,1,134.5,C,2,True,False
1084,1,2,female,48.0,1,2,65.0,S,3,True,False
1085,1,3,female,35.0,1,1,20.25,S,2,True,True
1086,0,3,male,,1,0,24.15,Q,1,True,False
1087,0,3,male,,0,0,7.3125,S,0,False,True
1088,1,2,female,29.0,1,0,26.0,S,1,True,False
1089,0,3,male,14.0,4,1,39.6875,S,5,True,False
1090,0,1,male,64.0,1,0,75.25,C,1,True,False
1091,0,1,male,36.0,0,0,75.2417,C,0,False,False
1092,1,1,female,60.0,0,0,76.2917,C,0,False,False
1093,0,3,male,28.0,0,0,7.25,S,0,False,False
1094,1,2,female,13.0,0,1,19.5,S,1,True,False
1095,0,2,male,27.0,0,0,13.0,S,0,False,False
1096,0,3,male,51.0,0,0,8.05,S,0,False,False
1097,0,3,male,23.0,0,0,7.05,S,0,False,True
1098,0,3,male,16.0,0,0,7.775,S,0,False,False
1099,1,3,female,4.0,0,2,22.025,S,2,True,False
1100,0,3,male,32.0,0,0,7.925,S,0,False,True
1101,1,2,female,34.0,0,0,13.0,S,0,False,False
1102,0,3,female,,0,0,7.55,S,0,False,True
1103,1,2,female,18.0,1,1,13.0,S,2,True,False
1104,1,1,female,16.0,0,0,86.5,S,0,False,False
1105,1,1,female,23.0,0,1,83.1583,C,1,True,False
1106,1,1,female,36.0,0,0,135.6333,C,0,False,True
1107,0,3,male,13.0,0,2,20.25,S,2,True,True
1108,1,3,male,19.0,0,0,8.05,S,0,False,True
1109,1,1,female,36.0,0,0,262.375,C,0,False,True
1110,0,3,male,,0,0,7.8792,S,0,False,False
1111,1,1,female,39.0,1,1,79.65,S,2,True,False
1112,0,3,male,18.0,1,0,14.4542,C,1,True,False
1113,0,3,male,40.0,1,4,27.9,S,5,True,False
1114,0,2,male,51.0,0,0,12.525,S,0,False,True
1115,0,3,male,21.0,0,0,7.925,S,0,False,True
1116,1,2,female,36.0,0,0,13.0,S,0,False,False
1117,0,2,male,54.0,1,0,26.0,S,1,True,False
1118,0,2,male,,0,0,0.0,S,0,False,False
1119,0,2,male,26.0,0,0,13.0,S,0,False,False
1120,0,3,male,,1,0,19.9667,S,1,True,False
1121,0,1,male,53.0,0,0,28.5,C,0,False,False
1122,0,3,male,31.0,0,0,7.75,Q,0,False,False
1123,1,1,female,23.0,1,0,113.275,C,1,True,False
1124,1,1,female,19.0,1,0,91.0792,C,1,True,False
1125,0,1,male,52.0,1,1,79.65,S,2,True,False
1126,0,3,male,,1,0,15.5,Q,1,True,False
1127,0,2,male,28.0,0,1,33.0,S,1,True,False
1128,0,3,male,39.0,0,2,7.2292,C,2,True,False
1129,0,3,male,28.0,0,0,7.8958,S,0,False,False
1130,0,2,male,,0,0,15.5792,C,0,False,True
1131,0,2,male,16.0,0,0,26.0,S,0,False,False
1132,0,2,male,57.0,0,0,12.35,Q,0,False,False
1133,1,3,female,0.75,2,1,19.2583,C,3,True,False
1134,0,3,male,32.0,0,0,7.775,S,0,False,False
1135,0,3,male,,0,0,7.8958,S,0,False,False
1136,1,1,female,35.0,0,0,512.3292,C,0,False,True
1137,0,3,male,,0,0,7.75,Q,0,False,False
1138,1,3,male,25.0,0,0,0.0,S,0,False,True
1139,0,1,male,64.0,0,0,26.0,S,0,False,False
1140,0,3,male,20.0,0,0,7.8542,S,0,False,False
1141,1,1,female,35.0,1,0,53.1,S,1,True,False
1142,0,2,male,32.0,0,0,10.5,S,0,False,True
1143,0,3,male,17.0,1,1,7.2292,C,2,True,False
1144,1,2,female,50.0,0,0,10.5,S,0,False,True
1145,0,3,male,,8,2,69.55,S,10,True,True
1146,1,3,female,35.0,0,0,7.75,Q,0,False,False
1147,1,2,female,27.0,1,0,13.8583,C,1,True,True
1148,1,2,female,4.0,2,1,39.0,S,3,True,False
1149,0,3,male,40.0,1,5,31.3875,S,6,True,False
1150,1,1,female,64.0,1,1,26.55,S,2,True,False
1151,1,1,female,17.0,1,0,108.9,C,1,True,True
1152,1,3,female,17.0,0,1,16.1,S,1,True,False
1153,0,3,female,37.0,0,0,9.5875,S,0,False,False
1154,0,3,male,33.0,0,0,7.8958,S,0,False,False
1155,0,2,male,18.0,0,0,11.5,S,0,False,False
1156,0,2,male,30.0,0,0,10.5,S,0,False,True
1157,0,3,male,,1,0,14.4583,C,1,True,False
1158,1,1,female,49.0,0,0,25.9292,S,0,False,False
1159,0,3,female,30.0,0,0,8.6625,S,0,False,False
1160,1,1,female,,1,0,52.0,S,1,True,False
1161,1,3,female,18.0,0,0,8.05,S,0,False,True
1162,0,3,male,35.0,0,0,8.05,S,0,False,False
1163,0,2,male,26.0,1,1,29.0,S,2,True,False
1164,0,3,male,19.0,0,0,7.775,S,0,False,False
1165,0,3,male,,0,0,8.05,S,0,False,False
1166,0,3,male,41.0,2,0,14.1083,S,2,True,False
1167,0,2,male,2.0,1,1,23.0,S,2,True,False
1168,0,3,male,,0,0,7.55,S,0,False,True
1169,0,3,male,,0,0,7.75,Q,0,False,False
1170,0,2,male,29.0,1,0,26.0,S,1,True,False
1171,1,3,female,,1,9,69.55,S,10,True,True
1172,0,3,male,47.0,0,0,9.0,S,0,False,False
1173,1,3,male,22.0,0,0,7.225,C,0,False,False
1174,0,3,female,9.0,2,2,34.375,S,4,True,True
1175,0,3,male,24.0,0,0,8.05,S,0,False,False
1176,1,2,male,8.0,1,1,36.75,S,2,True,True
1177,1,1,female,30.0,0,0,164.8667,S,0,False,False
1178,0,3,male,,0,0,7.225,C,0,False,False
1179,0,3,male,,0,0,7.8958,S,0,False,False
1180,0,2,male,43.0,1,1,26.25,S,2,True,True
1181,0,3,male,,0,0,7.8292,Q,0,False,False
1182,1,1,male,42.0,0,0,26.2875,S,0,False,True
1183,0,3,male,15.0,1,1,7.2292,C,2,True,False
1184,0,2,male,18.0,0,0,73.5,S,0,False,True
1185,1,1,female,38.0,0,0,227.525,C,0,False,True
1186,0,2,male,27.0,0,0,13.0,S,0,False,False
1187,0,3,male,,0,0,7.75,Q,0,False,False
1188,1,3,male,39.0,0,0,7.925,S,0,False,True
1189,1,3,female,,0,2,15.2458,C,2,True,False
1190,0,3,male,21.0,0,0,7.8542,S,0,False,False
1191,0,3,male,51.0,0,0,7.0542,S,0,False,False
1192,0,2,male,40.0,1,0,26.0,S,1,True,False
1193,0,2,male,23.0,0,0,10.5,S,0,False,False
1194,0,3,male,,0,0,7.75,Q,0,False,False
1195,1,3,female,,1,0,15.5,Q,1,True,False
1196,0,3,male,16.0,4,1,39.6875,S,5,True,False
1197,0,3,male,50.0,1,0,14.5,S,1,True,True
1198,0,3,male,,1,0,7.75,Q,1,True,False
1199,1,3,female,,0,0,7.75,Q,0,False,False
1200,0,2,male,70.0,0,0,10.5,S,0,False,True
1201,1,2,female,19.0,0,0,26.0,S,0,False,False
1202,0,3,male,,0,0,7.8958,C,0,False,False
1203,0,2,male,21.0,1,0,11.5,S,1,True,False
1204,1,1,female,53.0,0,0,27.4458,C,0,False,True
1205,1,1,male,35.0,0,0,26.2875,S,0,False,True
1206,0,3,male,,0,0,14.4583,C,0,False,False
1207,0,3,male,20.0,0,0,8.05,S,0,False,True
1208,1,3,female,63.0,0,0,9.5875,S,0,False,False
1209,0,1,male,55.0,0,0,30.5,S,0,False,False
1210,0,1,male,64.0,1,4,263.0,S,5,True,False
1211,0,3,male,,0,0,7.2292,C,0,False,False
1212,0,2,male,25.0,0,0,13.0,S,0,False,True
1213,0,3,male,26.0,0,0,7.8958,S,0,False,False
1214,1,3,female,4.0,0,1,13.4167,C,1,True,False
1215,0,3,male,30.0,0,0,7.8958,S,0,False,False
1216,0,3,female,30.0,1,1,24.15,S,2,True,False
1217,0,3,male,34.0,0,0,8.05,S,0,False,False
1218,0,3,male,32.0,0,0,7.8958,S,0,False,False
1219,0,1,male,25.0,0,0,26.0,C,0,False,False
1220,0,3,male,,2,0,21.6792,C,2,True,False
1221,0,3,male,22.0,0,0,7.775,S,0,False,False
1222,0,3,male,11.0,0,0,18.7875,C,0,False,False
1223,1,3,female,16.0,0,0,7.7333,Q,0,False,False
1224,0,3,male,16.0,1,1,20.25,S,2,True,True
1225,1,3,female,19.0,1,0,7.8542,S,1,True,False
1226,0,3,male,10.0,4,1,29.125,Q,5,True,False
1227,0,3,male,25.0,0,0,7.7417,Q,0,False,False
1228,1,1,female,19.0,0,2,26.2833,S,2,True,False
1229,0,2,male,59.0,0,0,13.5,S,0,False,False
1230,0,3,male,27.0,0,0,7.8542,S,0,False,False
1231,1,3,female,,8,2,69.55,S,10,True,True
1232,1,1,female,35.0,0,0,135.6333,S,0,False,True
1233,0,2,male,24.0,2,0,73.5,S,2,True,True
1234,1,3,female,18.5,0,0,7.2833,Q,0,False,False
1235,0,3,male,44.0,0,0,8.05,S,0,False,False
1236,0,3,male,,1,1,22.3583,C,2,True,False
1237,0,1,male,23.0,0,0,93.5,S,0,False,False
1238,0,3,male,16.0,0,0,9.5,S,0,False,False
1239,0,1,male,,0,0,0.0,S,0,False,False
1240,0,1,male,22.0,0,0,135.6333,C,0,False,True
1241,0,3,male,0.83,0,1,9.35,S,1,True,False
1242,0,2,male,18.0,0,0,13.0,S,0,False,False
1243,0,1,male,54.0,1,0,55.4417,C,1,True,False
1244,1,3,female,22.0,2,0,8.6625,S,2,True,False
1245,0,2,male,,0,0,0.0,S,0,False,False
1246,1,3,female,15.0,1,0,14.4542,C,1,True,False
1247,0,3,male,42.0,0,0,7.55,S,0,False,True
1248,0,2,female,24.0,0,0,13.0,S,0,False,False
1249,0,3,male,26.0,0,0,7.8792,Q,0,False,False
1250,1,2,female,25.0,1,1,30.0,S,2,True,False
1251,0,1,male,47.0,0,0,52.0,S,0,False,False
1252,1,3,male,16.0,0,0,8.05,S,0,False,True
1253,0,2,male,24.0,0,0,10.5,S,0,False,False
1254,1,1,female,18.0,0,2,79.65,S,2,True,False
1255,0,3,male,20.0,0,0,4.0125,C,0,False,False
1256,0,3,male,28.0,0,0,7.8542,S,0,False,False
1257,0,3,male,20.0,0,0,9.5,S,0,False,False
1258,0,3,male,22.0,0,0,7.2292,C,0,False,False
1259,0,2,male,24.0,0,0,13.5,S,0,False,False
1260,0,3,male,21.0,0,0,7.7958,S,0,False,False
1261,0,3,male,,1,9,69.55,S,10,True,True
1262,0,3,male,20.0,0,0,7.925,S,0,False,True
1263,0,3,male,26.0,1,2,20.575,S,3,True,True
1264,1,3,female,27.0,0,0,7.925,S,0,False,True
1265,0,3,male,,0,0,7.225,C,0,False,False
1266,1,1,female,22.0,0,1,59.4,C,1,True,False
1267,0,3,female,,0,0,8.05,S,0,False,False
1268,0,2,male,34.0,0,0,13.0,S,0,False,False
1269,0,3,male,,0,0,7.75,Q,0,False,False
1270,1,1,female,26.0,0,0,78.85,S,0,False,False
1271,1,1,female,63.0,1,0,77.9583,S,1,True,False
1272,0,3,male,,0,0,8.6625,S,0,False,False
1273,1,3,female,19.0,1,0,16.1,S,1,True,False
1274,0,3,male,,0,0,7.8958,S,0,False,False
1275,1,3,female,4.0,1,1,16.7,S,2,True,True
1276,0,3,male,20.0,0,0,7.225,C,0,False,False
1277,0,3,female,11.0,4,2,31.275,S,6,True,False
1278,1,1,female,26.0,1,0,136.7792,C,1,True,False
1279,0,3,male,8.0,4,1,29.125,Q,5,True,False
1280,0,2,male,19.0,1,1,36.75,S,2,True,True
1281,0,3,male,,0,0,7.725,Q,0,False,False
1282,1,1,male,25.0,1,0,91.0792,C,1,True,False
1283,0,3,male,27.0,1,0,14.4542,C,1,True,False
1284,0,3,male,25.0,0,0,9.5,S,0,False,False
1285,1,1,male,50.0,2,0,133.65,S,2,True,True
1286,1,2,female,,0,0,21.0,S,0,False,True
1287,1,3,female,,1,0,14.4542,C,1,True,False
1288,1,2,female,24.0,0,0,13.0,S,0,False,False
1289,0,1,male,,0,0,31.0,S,0,False,False
1290,0,1,male,38.0,0,1,153.4625,S,1,True,True
1291,1,3,female,2.0,1,1,20.2125,S,2,True,False
1292,0,3,male,25.0,0,0,7.2292,C,0,False,False
1293,1,2,female,50.0,0,1,26.0,S,1,True,False
1294,1,2,female,29.0,0,2,23.0,S,2,True,False
1295,0,1,male,62.0,0,0,26.55,S,0,False,False
1296,1,1,female,44.0,0,1,57.9792,C,1,True,False
1297,0,1,male,71.0,0,0,34.6542,C,0,False,True
1298,0,3,male,33.0,0,0,7.8542,S,0,False,False
1299,1,2,male,1.0,0,2,37.0042,C,2,True,True
1300,0,3,male,21.0,0,0,7.775,S,0,False,False
1301,1,1,female,39.0,0,0,211.3375,S,0,False,False
1302,0,3,male,,0,0,8.05,S,0,False,False
1303,0,3,male,,0,0,7.8958,S,0,False,False
1304,0,1,male,45.0,0,0,29.7,C,0,False,True
1305,1,2,female,48.0,0,2,36.75,S,2,True,True
1306,1,1,female,37.0,1,0,90.0,Q,1,True,False
